{"cameraMode":{"drawMode":0,"name":"Shaded","section":"Shading Mode"},"sceneLighting":false,"audioPlay":false,"sceneViewState":{"showFog":true,"showMaterialUpdate":false,"showSkybox":false,"showFlares":true,"showImageEffects":true,"showParticleSystems":true},"in2DMode":false,"pivot":{"x":-0.02569141983985901,"y":0.6337602734565735,"z":-0.12514960765838624},"rotation":{"x":0.028738785535097123,"y":0.963893473148346,"z":-0.23773029446601869,"w":0.11651939153671265},"size":0.5494352579116821,"orthographic":false}