{"cameraMode":{"drawMode":0,"name":"Shaded","section":"Shading Mode"},"sceneLighting":true,"audioPlay":false,"sceneViewState":{"showFog":true,"showMaterialUpdate":false,"showSkybox":true,"showFlares":true,"showImageEffects":true,"showParticleSystems":true},"in2DMode":false,"pivot":{"x":-1.8280513286590577,"y":0.264641135931015,"z":-2.540217161178589},"rotation":{"x":-0.11785765737295151,"y":0.7997087240219116,"z":-0.1669514924287796,"w":-0.5645433664321899},"size":25.858388900756837,"orthographic":false}